age,alpha,city,ccnumber,email,first,gender
58,ilCiAnrqhLkmp,Ofkizi,6334198462966710,visomum@ehito.lt,Jeremy,Male
48,YGzMROdZWkXTjeB,Pucobu,6282432019590026,nas@sezes.ls,Willie,Female
44,UAICvf,Tiorzos,4026665820084723,us@ci.hu,Glen,Male
59,avcMcLEhQCZBy,Tuladev,6011281896729365,selmub@patolezu.id,Frances,Female
56,GCBpaGSIUuCV,Eraifdag,201450888202300,ketpemuv@menpitfo.tn,Roxie,Male
57,XugBdkHUShWyRIZF,Vejutaw,4903212417862183,zasgowus@lulbukah.nf,Kathryn,Female
19,gkBRKSGXlt,Watmicna,5610318155797365,mamihu@sortu.ir,Bess,Female
52,BOmGUz,Zasoldo,6297883096675465,fituve@ratu.cg,Aaron,Male
23,JQERZcMIQlrnbRKwheY,Wibfide,6297371814326314,kunawzo@uw.at,Chad,Male
45,bOUShcdhTbmFIKptf,Kaejwu,6304523260357356,rehhoan@faswabeba.pm,Gene,Male
36,JSVQkkmxlc,Avefoji,5113660412581328,te@sejmoro.gi,Christopher,Male
64,dUfpBFLJIuEWjlpLxwG,Puzjalo,5018403547845755,acapawo@ladahu.aq,Franklin,Male
42,vhYRrN,Sidsopog,5018518771818739,nivi@udina.tt,Connor,Female
44,fdKFoyRMbUUkXHceTd,Gudeobu,5610655243908250,wewapug@kotjakes.py,Lula,Male
58,WVJuECYDJadMivyXNPAh,Wojepwe,4903364688151190,hus@moap.pl,Violet,Female
37,VKXUSlAMiAvluLl,Laklele,6011242255348304,ojzihi@guewdad.iq,Calvin,Female
43,UQfcKBYpsvO,Hojoral,3528829649806709,ha@osafaksos.in,Dollie,Male
57,YrLdcLoJcmQrgRRA,Ukaevoave,36042452207699,unojivra@uzlonag.dk,Travis,Female
44,UUBygiqASH,Cezudmos,6370202212278411,muse@fo.fi,Mario,Male
25,cbjLwulREfFsgL,Covwaigo,4903833769427695,ajlu@cog.na,Zachary,Male
21,IlgzE,Venjamawu,6011307864268779,kivuhohah@elo.uz,Vernon,Male
49,qKhaLriyptaaT,Ciubzah,346609352240817,di@fullij.gov,Bradley,Male
47,ImrylcVjhHdDwfNbVz,Gojojose,3528066963717531,so@zuvimkuh.ie,Rosetta,Female
46,OcIHc,Wafmurjel,4235073957426246,riw@zosojec.gy,Pauline,Male
28,nsNBQUcVW,Tumgoces,4903095640890265,jula@to.nz,Mittie,Female
65,Wkwdtr,Ohtimgoh,30000481792590,tujve@kubgotap.wf,Micheal,Male
45,LarPwYuosFTHeQ,Dodumil,6373742649425959,nit@jefli.org,Steve,Male
55,UzLZvNto,Futicnu,4528186477716585,uwatej@odajorfe.ao,Florence,Male
22,yQrEWclvsgnY,Fugiwavep,4903155294074747,vudubdon@dezearo.tw,Scott,Female
31,mtPqELTEuSxuCxXK,Bolcalic,4781754927326735,faavupe@zulu.vi,Connor,Female
37,ZdFXJxwHGKuQP,Imekatih,6379611658467851,locetmo@no.so,Daisy,Female
30,xSiYJwJIbW,Ehhofeg,4026430278430807,ecu@idaragas.pt,Eddie,Female
46,AKapGeSFHAleXISZ,Uketudlos,6268076327761502,to@ukubohva.kw,Dylan,Female
37,ohxzETql,Abocegeh,6371453417245452,zahbohcez@noafelov.pn,Cecelia,Male
52,hhbDEuwfgXk,Wolkeha,6304245026967399,sunbimduw@tiate.pf,Hulda,Female
46,zuGozbQySENrRT,Epsenjiw,36664350868320,do@loc.ki,Ellen,Male
32,wVRwAbcFkkzBztJQNa,Pafzituwi,30015174712408,pagjo@koduswez.al,Jane,Female
29,jqryWGsdjajJvUGCDITt,Caosaono,5610256072299984,je@ra.cc,Daisy,Male
42,IMSvWxrzsNPogIh,Pekoje,4903890738181092,liuta@hibpej.bo,Theodore,Male
47,gyjWkoAlmEHeaeKXtdEO,Janmizho,201416068098974,hu@dalneuc.com,Birdie,Female
48,mgxkMqIU,Zotfuzol,6304183154111375,bigis@fin.ch,Joel,Female
26,wTRGNpMsSSvdcScUBU,Jaehuena,3528909767429599,dudhijga@vehonpu.la,Harriet,Female
37,ihGAtPvpLHvY,Dirsafmir,4903450065070382,tul@zekzesit.bg,Miguel,Male
58,lDGiBeuckmPfhvyWY,Cepeflib,4903289017013300,inatefa@asokuv.gm,Nicholas,Female
38,jGkkENykztzijs,Egijuboh,5610587804015342,pamno@bicadnu.aw,Claudia,Male
52,QhKXLgihxFtJNTBZj,Matlorlu,6011369353844353,fek@hikwa.pn,Lillian,Male
58,PEaOHtGKIWcZSGyjou,Ibwosu,6011948712438468,eri@panuav.eh,Rose,Female
25,KHVxKFVSqcdAEzRu,Sigwucjo,6304253628381985,onrog@idopuav.tv,Lawrence,Male
41,qrYES,Golsubfo,4192150968818206,nej@hulruzsaj.tn,Russell,Male
34,ERaWqhEQQwA,Sutewgos,6334921721447879,kojetlaf@ewwa.pa,Essie,Male
40,iKaowgLYkVFFhGxEZyep,Ravrobu,343613371066123,ditwaj@juime.ma,Elizabeth,Female
55,nxBeKWzL,Okeetgu,5610149081399731,koneganal@wuwbimdak.tt,Elmer,Female
47,uhXQlvmdtdxcHwYA,Nivceral,343551681776157,ti@ho.mo,Joel,Female
35,ARuNFrhILAcMcmEbOTm,Zievkob,36663694227946,woccif@kumviva.vg,Roy,Female
52,TPAQX,Wuknacgim,4779392147065199,paf@hoane.dz,Kyle,Male
42,FKhJtkBuEDezqoVcx,Viknicjac,6373153601227112,omamagbu@teghohmu.gp,Ronnie,Male
53,BtwJefWXycAVblLgzmsa,Rumbubiz,6378641769393853,num@cumohos.dk,Matilda,Female
28,lNdUNjwqmRGCZk,Eguicuv,5184529894716351,koirudig@vevepo.mr,Theodore,Female
64,UpALkyt,Garraje,30046029656755,ajju@pabohed.ne,Milton,Male
44,uInvVakBsgiK,Mafjuvo,4430835158074501,jacowgil@enekozsa.bb,Dora,Female
21,wQAFaWNUtqcqaqVx,Fossicsa,3528408664649318,bakke@sizud.tn,Daisy,Male
38,wTCJwLgZVqowEji,Vipzueb,5135321595935690,nowi@nicejfep.kr,Dean,Male
20,nDJREIJVKSFMWBvH,Idoujuh,4903153497174539,teubro@mat.am,Harold,Male
25,EnIdguw,Kizusol,6290170055753310,us@lomigijep.ca,Devin,Male
62,ymEjnRfdYrpIgpBbUirD,Jascackur,5610099043424327,wemcas@gugej.ky,Nelle,Male
47,FiPuxQp,Abeasluz,5610876701041638,vi@ewbi.vc,Noah,Female
26,ZAPPxjucOsb,Packocbak,4903639086349516,zom@surit.ye,Jennie,Male
42,wOkYbvBBU,Lussalat,349532503062012,uce@ke.pr,Robert,Female
58,pPgdJzjSEfSGiDUtZ,Vitkible,4264970404589548,pe@vud.mk,Dorothy,Male
47,lClvVHiSdsuYYugop,Uroadoob,201455387872404,ho@iwezo.eh,Isabella,Male
58,vGgykuhlUuCDTJJOeZj,Gihtopat,6248971713115492,egi@ovgaz.bf,Albert,Male
20,pPWndfRXSOLu,Ovjulemo,345933495240240,denaj@rikkuvi.kh,Jackson,Male
37,rksOdQYtNVrZDxuIdGK,Etazopu,6304590849181771,dub@hak.nc,Bertie,Female
41,XpdVwmEv,Hihiol,4026714966305375,ti@atoiwo.eg,Keith,Male
46,rZPiHTjRAJhAnag,Ucusozaja,6334956219552731,kenec@waazga.no,Bessie,Male
28,QKboYeNzh,Rudazip,30033682423038,usnapo@uw.sx,Douglas,Female
18,hNRjlCjbXUVmJTp,Jezanudi,347086764290970,fi@vow.cr,Cecilia,Female
33,ISvOfewnvBxEPDvsewP,Witavseh,6304174369774321,moptel@romad.kg,Jorge,Male
19,WjkuqF,Hiveguju,6304269960644384,ov@joknepet.su,Jeremy,Female
62,yCSCHWdfEqlaFHtzirT,Lolasigok,6370743298293006,koorovaz@tesguv.gp,Mildred,Female
58,DDuKYHzVQkOinzthvj,Mikcecsuk,5442607671338660,rowakru@vabamape.fo,Allie,Female
30,tkhRn,Ofipagah,30094735608819,hepag@zuuma.se,Ryan,Male
26,UrQeKaJtvK,Faolitu,6373241097434209,tukire@wuv.lb,Keith,Female
41,qbayGcuHzCoPRWrEAYfA,Finelpip,36253575787976,ipuho@ucni.ph,Jacob,Female
30,gYjEVQwqEuOAHye,Vepatluf,6304537208212879,evuric@beozi.tw,Sara,Male
35,pCEuYRCSFEhTEARm,Rilpuru,3528613532887095,numpitkab@pivkuhpa.ci,Georgie,Female
35,IBAqdZiTu,Utekormo,36233842761343,vuctim@tokik.ls,Beatrice,Female
19,CtBOJZUqMTapJDNtcwj,Pouboub,6257804518126737,ca@bivsessa.ag,Mae,Male
26,HMmNXjSdmSzyBSFIuddQ,Wahjuzrif,348864371282955,bavica@fael.cm,Connor,Female
61,NrUnwYgTk,Sevdomo,5610021039856072,wo@vicvaj.cc,Ernest,Male
34,JxfFiiEcYVCouPuy,Sisohi,30074018247642,ejiriiju@zebedmuc.bb,Marie,Male
29,PCivLiZpoDyr,Bacujva,4580619661634490,tuvone@lodeh.ky,Connor,Male
50,PpJFdySnDTQixRoo,Nutupes,201480243092070,dofwi@tabewwe.no,Harold,Male
61,VUforLLTmD,Buheopi,6011435870556059,kumucsaf@hokizi.ru,Brian,Female
41,NsEUkquh,Ovinowaz,4903043979092129,micve@iraruuf.gn,Fannie,Female
34,gZxbkLoO,Hatkoguh,5185768140896380,imeca@muvlaej.gl,Troy,Female
47,vZKpOFKpudtz,Kakajdok,4230486871103995,umolupen@tilese.mz,Roxie,Male
33,GoiqYzSaofesR,Majlavup,4903551252870656,dogjaam@reloh.mn,Jorge,Female
42,vtzHHKBeui,Codoota,4903139726396365,he@siwlov.mk,Larry,Female
26,szuKJkUtQLpzzEs,Cefokjoh,4847517337428181,cegsoz@masmeg.fi,Norman,Male

